City_ID,City,Cloudiness,Country,Current Description,Date,Humidity,Lat,Lng,Max Temp,Rain (inches),Snow (inches),Wind Speed
0,Thunder Bay,0,CA,clear sky,2022-02-05 05:20:37,74,48.4001,-89.3168,-2.43,0,0,5.75
1,Thompson,11,CA,few clouds,2022-02-05 05:09:46,100,55.7435,-97.8558,-33.45,0,0,2.73
2,Kununurra,40,AU,scattered clouds,2022-02-05 05:20:38,74,-15.7667,128.7333,85.98,0,0,3.44
3,Kavaratti,81,IN,broken clouds,2022-02-05 05:20:38,58,10.5669,72.642,77.94,0,0,4.79
4,Atuona,20,PF,few clouds,2022-02-05 05:19:19,77,-9.8,-139.0333,78.78,0,0,16.4
5,Busselton,6,AU,clear sky,2022-02-05 05:20:39,33,-33.65,115.3333,108.05,0,0,9.42
6,Punta Arenas,0,CL,clear sky,2022-02-05 05:20:39,70,-53.15,-70.9167,44.71,0,0,8.05
7,Haines Junction,100,CA,overcast clouds,2022-02-05 05:20:40,70,60.7522,-137.5108,-11.25,0,0,1.14
8,Albany,99,US,overcast clouds,2022-02-05 05:20:40,85,42.6001,-73.9662,14.76,0,0,3.22
9,Port Elizabeth,94,ZA,light rain,2022-02-05 05:08:55,81,-33.918,25.5701,68.09,0,0,10.02
10,Annau,40,TM,dust,2022-02-05 05:20:41,40,37.8876,58.516,51.3,0,0,23.02
11,Esperance,3,AU,clear sky,2022-02-05 05:07:33,46,-33.8667,121.9,83.8,0,0,16.28
12,Hithadhoo,97,MV,overcast clouds,2022-02-05 05:11:36,74,-0.6,73.0833,82.17,0,0,12.55
13,Donji Milanovac,10,RS,clear sky,2022-02-05 05:20:41,78,44.4627,22.1523,35.02,0,0,5.1
14,East London,95,ZA,light rain,2022-02-05 05:06:48,88,-33.0153,27.9116,69.04,0,0,11.86
15,Mayo,100,US,overcast clouds,2022-02-05 05:11:23,79,38.8876,-76.5119,35.55,0,0,7.0
16,Riyadh,22,SA,few clouds,2022-02-05 05:20:34,33,24.6877,46.7219,60.85,0,0,17.27
17,Ushuaia,0,AR,clear sky,2022-02-05 05:16:02,87,-54.8,-68.3,44.26,0,0,5.75
18,Mahebourg,98,MU,light rain,2022-02-05 05:07:25,85,-20.4081,57.7,81.25,0,0,21.52
19,Faanui,75,PF,light rain,2022-02-05 05:11:23,75,-16.4833,-151.75,80.64,0,0,13.56
20,Guaymas,0,MX,clear sky,2022-02-05 05:20:43,40,27.9333,-110.9,56.44,0,0,9.22
21,Sorland,100,NO,overcast clouds,2022-02-05 05:12:21,76,67.667,12.6934,33.6,0,0,30.36
22,Bluff,49,NZ,scattered clouds,2022-02-05 05:10:48,59,-46.6,168.3333,59.81,0,0,5.82
23,Kapaa,20,US,few clouds,2022-02-05 05:20:44,77,22.0752,-159.319,75.52,0,0,5.75
24,Caraquet,100,CA,light snow,2022-02-05 05:16:37,90,47.7941,-64.9386,10.35,0,0,14.54
25,Polunochnoye,100,RU,overcast clouds,2022-02-05 05:20:45,94,60.8697,60.4153,10.89,0,0,0.89
26,Mataura,10,NZ,clear sky,2022-02-05 05:20:45,43,-46.1927,168.8643,60.48,0,0,6.64
27,Rikitea,5,PF,clear sky,2022-02-05 05:20:45,69,-23.1203,-134.9692,78.98,0,0,7.52
28,Bethel,100,US,overcast clouds,2022-02-05 05:17:40,84,41.3712,-73.414,27.55,0,0,5.75
29,Yellowknife,100,CA,overcast clouds,2022-02-05 05:20:46,81,62.456,-114.3525,-25.71,0,0,4.61
30,Dhidhdhoo,54,MV,broken clouds,2022-02-05 05:20:46,64,6.8833,73.1,81.28,0,0,9.37
31,Mar Del Plata,100,AR,moderate rain,2022-02-05 05:11:16,86,-38.0023,-57.5575,67.08,0,0,1.99
32,Uyemskiy,40,RU,scattered clouds,2022-02-05 05:20:47,77,64.4743,40.8524,-1.95,0,0,4.47
33,Brae,100,GB,overcast clouds,2022-02-05 05:20:48,66,60.3964,-1.353,40.91,0,0,21.61
34,Khasan,37,RU,scattered clouds,2022-02-05 05:20:48,44,42.4308,130.6434,18.77,0,0,21.23
35,Hermanus,0,ZA,clear sky,2022-02-05 05:20:48,76,-34.4187,19.2345,66.79,0,0,18.48
36,Tias,0,ES,clear sky,2022-02-05 05:20:49,63,28.9611,-13.645,62.35,0,0,8.05
37,Puerto Escondido,0,MX,clear sky,2022-02-05 05:13:31,73,15.85,-97.0667,77.83,0,0,0.0
38,Novyy Urengoy,100,RU,overcast clouds,2022-02-05 05:20:49,96,66.0833,76.6333,6.44,0,0,8.48
39,Yakeshi,100,CN,overcast clouds,2022-02-05 05:20:50,86,49.2833,120.7333,4.39,0,0,10.89
40,Asfi,90,MA,overcast clouds,2022-02-05 05:18:13,59,32.2994,-9.2372,61.02,0,0,13.58
41,Saint-Philippe,100,RE,moderate rain,2022-02-05 05:11:14,89,-21.3585,55.7679,83.79,0,0,24.61
42,Vaini,100,TO,light rain,2022-02-05 05:20:51,94,-21.2,-175.2,77.16,0,0,14.97
43,Hamilton,100,US,overcast clouds,2022-02-05 05:14:24,86,39.1834,-84.5333,19.24,0,0,4.61
44,Norman Wells,100,CA,overcast clouds,2022-02-05 05:12:32,92,65.282,-126.8329,-11.97,0,0,3.94
45,Antofagasta,3,CL,clear sky,2022-02-05 05:20:51,71,-23.65,-70.4,63.68,0,0,5.21
46,Kushima,53,JP,broken clouds,2022-02-05 05:20:52,50,31.4583,131.2333,50.04,0,0,15.95
47,Milazzo,9,IT,clear sky,2022-02-05 05:20:52,63,38.2212,15.2383,59.18,0,0,5.99
48,Cape Town,0,ZA,clear sky,2022-02-05 05:15:58,68,-33.9258,18.4232,66.88,0,0,4.0
49,Georgetown,40,MY,scattered clouds,2022-02-05 05:16:27,66,5.4112,100.3354,90.9,0,0,1.01
50,Camana,74,PE,broken clouds,2022-02-05 05:13:17,84,-16.6228,-72.7111,70.43,0,0,7.05
51,Altoona,91,US,overcast clouds,2022-02-05 05:20:53,95,40.5187,-78.3947,25.27,0,0,5.99
52,Lloydminster,100,CA,overcast clouds,2022-02-05 05:16:37,85,53.2835,-110.0016,-0.18,0,0,8.05
53,Castro,79,BR,broken clouds,2022-02-05 05:08:23,98,-24.7911,-50.0119,64.24,0,0,4.5
54,Vila Franca Do Campo,100,PT,overcast clouds,2022-02-05 05:16:28,82,37.7167,-25.4333,56.19,0,0,8.57
55,Avarua,20,CK,few clouds,2022-02-05 05:18:02,83,-21.2078,-159.775,78.85,0,0,10.36
56,Tank,3,PK,clear sky,2022-02-05 05:20:54,39,32.2217,70.3793,56.57,0,0,3.0
57,Foam Lake,100,CA,overcast clouds,2022-02-05 05:20:55,95,51.65,-103.5343,-0.38,0,0,10.74
58,Celestun,38,MX,scattered clouds,2022-02-05 05:20:56,90,20.8667,-90.4,73.47,0,0,19.06
59,Kupang,24,ID,few clouds,2022-02-05 05:13:32,74,-10.1667,123.5833,84.24,0,0,11.7
60,Garowe,11,SO,few clouds,2022-02-05 05:20:56,44,8.4054,48.4845,67.35,0,0,6.64
61,Hobart,20,AU,few clouds,2022-02-05 05:20:45,62,-42.8794,147.3294,71.28,0,0,1.01
62,Yantzaza,87,EC,overcast clouds,2022-02-05 05:20:57,99,-3.8278,-78.7594,65.89,0,0,1.16
63,Victoria,66,HK,broken clouds,2022-02-05 05:07:45,70,22.2855,114.1577,65.17,0,0,8.99
64,Kruglolesskoye,100,RU,overcast clouds,2022-02-05 05:20:57,74,44.6589,42.8142,26.69,0,0,19.37
65,Butaritari,49,KI,light rain,2022-02-05 05:20:58,78,3.0707,172.7902,82.78,0,0,18.68
66,Kodiak,100,US,overcast clouds,2022-02-05 05:20:58,75,57.79,-152.4072,42.31,0,0,14.97
67,The Valley,100,AI,overcast clouds,2022-02-05 05:16:04,75,18.217,-63.0578,75.09,0,0,15.84
68,Trinidad,92,BO,overcast clouds,2022-02-05 05:20:59,94,-14.8333,-64.9,73.83,0,0,5.03
69,Uvalde,0,US,clear sky,2022-02-05 05:20:59,43,29.3669,-99.767,29.59,0,0,3.44
70,Kaeo,73,NZ,light rain,2022-02-05 05:12:34,95,-35.1,173.7833,73.33,0,0,11.34
71,Carutapera,100,BR,light rain,2022-02-05 05:15:42,93,-1.195,-46.02,75.18,0,0,4.99
72,Viedma,100,AR,overcast clouds,2022-02-05 05:21:00,68,-40.8135,-62.9967,61.29,0,0,19.6
73,Awbari,0,LY,clear sky,2022-02-05 05:21:01,42,26.5921,12.7805,45.82,0,0,5.68
74,Nagato,100,JP,overcast clouds,2022-02-05 05:21:01,55,34.3833,131.2,42.75,0,0,24.9
75,Jiangyou,100,CN,light rain,2022-02-05 05:21:01,95,31.7667,104.7167,41.07,0,0,2.15
76,Port Alfred,96,ZA,light rain,2022-02-05 05:21:02,84,-33.5906,26.891,69.4,0,0,11.9
77,Kasempa,100,ZM,moderate rain,2022-02-05 05:21:02,99,-13.4584,25.8338,62.58,0,0,1.99
78,Khair,0,IN,clear sky,2022-02-05 05:21:03,66,27.95,77.8333,58.19,0,0,3.67
79,Harbour Breton,100,CA,overcast clouds,2022-02-05 05:21:03,93,47.4833,-55.7983,39.0,0,0,16.2
80,Tuatapere,18,NZ,few clouds,2022-02-05 05:11:53,57,-46.1333,167.6833,59.83,0,0,9.06
81,Rokupr,1,SL,clear sky,2022-02-05 05:21:04,94,8.6717,-12.395,68.4,0,0,0.94
82,Macapa,100,BR,heavy intensity rain,2022-02-05 05:17:26,100,0.0389,-51.0664,76.98,0,0,9.22
83,Fenyi,58,CN,broken clouds,2022-02-05 05:21:04,60,27.8112,114.6681,48.6,0,0,5.53
84,Mukhtolovo,100,RU,snow,2022-02-05 05:21:05,94,55.4644,43.1953,15.15,0,0,9.82
85,Christchurch,75,NZ,light rain,2022-02-05 05:21:05,89,-43.5333,172.6333,56.91,0,0,1.01
86,Ampanihy,1,MG,clear sky,2022-02-05 05:21:05,63,-24.7,44.75,81.18,0,0,12.66
87,Isawa,98,JP,overcast clouds,2022-02-05 05:21:06,42,35.65,138.6333,43.79,0,0,9.44
88,Chapais,100,CA,overcast clouds,2022-02-05 05:13:01,98,49.7834,-74.8492,-12.12,0,0,2.98
89,Shintomi,8,JP,clear sky,2022-02-05 05:21:07,38,32.0785,131.4723,49.32,0,0,15.97
90,Bereda,73,ES,broken clouds,2022-02-05 05:21:07,100,43.2686,-7.5406,46.42,0,0,5.21
91,Puerto Ayora,46,EC,scattered clouds,2022-02-05 05:11:16,93,-0.7393,-90.3518,74.55,0,0,1.99
92,Waipawa,100,NZ,light rain,2022-02-05 05:16:01,93,-41.4122,175.5153,56.03,0,0,8.68
93,Cidreira,10,BR,clear sky,2022-02-05 05:11:34,93,-30.1811,-50.2056,72.0,0,0,3.83
94,Narsaq,0,GL,clear sky,2022-02-05 05:12:55,49,60.9167,-46.05,0.0,0,0,16.26
95,Skelleftea,100,SE,overcast clouds,2022-02-05 05:11:56,69,64.7507,20.9528,32.36,0,0,8.05
96,Hilo,0,US,clear sky,2022-02-05 05:17:49,90,19.7297,-155.09,73.8,0,0,0.0
97,Bolotnoye,99,RU,overcast clouds,2022-02-05 05:21:09,81,55.6717,84.3981,13.91,0,0,13.15
98,Dodoma,100,TZ,light rain,2022-02-05 05:21:09,97,-6.1722,35.7395,63.23,0,0,3.2
99,Grand Gaube,100,MU,overcast clouds,2022-02-05 05:13:50,82,-20.0064,57.6608,80.38,0,0,11.99
100,Kavieng,83,PG,broken clouds,2022-02-05 05:07:20,71,-2.5744,150.7967,83.95,0,0,8.93
101,Iqaluit,100,CA,overcast clouds,2022-02-05 05:12:50,96,63.7506,-68.5145,-27.47,0,0,3.51
102,Laguna,0,US,clear sky,2022-02-05 05:06:15,71,38.421,-121.4238,54.1,0,0,0.0
103,Bredasdorp,34,ZA,scattered clouds,2022-02-05 05:21:10,64,-34.5322,20.0403,69.12,0,0,16.11
104,Livani,100,LV,overcast clouds,2022-02-05 05:21:11,94,56.3543,26.1758,29.34,0,0,11.07
105,Beyneu,99,KZ,overcast clouds,2022-02-05 05:21:11,89,45.3167,55.2,37.51,0,0,7.27
106,Saint-Francois,0,FR,clear sky,2022-02-05 05:12:12,92,46.4154,3.9054,35.04,0,0,5.75
107,Qasigiannguit,100,GL,overcast clouds,2022-02-05 05:12:47,87,68.8193,-51.1922,10.65,0,0,8.34
108,Ilulissat,75,GL,light shower snow,2022-02-05 05:12:13,67,69.2167,-51.1,10.42,0,0,8.05
109,Derzhavinsk,100,KZ,overcast clouds,2022-02-05 05:16:52,75,51.1,66.3167,15.93,0,0,12.97
110,Saldanha,1,ZA,clear sky,2022-02-05 05:21:12,71,-33.0117,17.9442,60.85,0,0,8.19
111,Hasaki,21,JP,few clouds,2022-02-05 05:21:12,29,35.7333,140.8333,44.89,0,0,11.07
112,Conde,20,BR,few clouds,2022-02-05 05:21:13,83,-7.2597,-34.9075,76.46,0,0,3.44
113,Upernavik,100,GL,overcast clouds,2022-02-05 05:21:13,95,72.7868,-56.1549,-1.71,0,0,11.5
114,Saint Anthony,75,US,broken clouds,2022-02-05 05:14:27,74,45.0205,-93.218,-0.15,0,0,0.0
115,Souillac,100,MU,light rain,2022-02-05 05:11:22,83,-20.5167,57.5167,80.37,0,0,19.84
116,Tuy Hoa,60,VN,broken clouds,2022-02-05 05:21:14,85,13.0833,109.3,75.99,0,0,17.34
117,North Platte,0,US,clear sky,2022-02-05 05:16:07,65,41.1239,-100.7654,25.99,0,0,7.0
118,Negombo,13,LK,few clouds,2022-02-05 05:21:15,65,7.2083,79.8358,81.73,0,0,1.97
119,Praia Da Vitoria,75,PT,broken clouds,2022-02-05 05:21:15,94,38.7333,-27.0667,57.76,0,0,20.6
120,Sitka,100,US,overcast clouds,2022-02-05 05:21:16,75,57.0531,-135.33,42.69,0,0,5.75
121,Airai,95,TL,overcast clouds,2022-02-05 05:11:25,82,-8.9266,125.4092,68.45,0,0,3.36
122,Walvis Bay,76,NA,broken clouds,2022-02-05 05:13:28,84,-22.9575,14.5053,66.09,0,0,3.56
123,Cooma,8,AU,clear sky,2022-02-05 05:21:16,43,-36.2333,149.1333,66.69,0,0,10.94
124,Kampot,45,KH,scattered clouds,2022-02-05 05:21:17,48,10.6167,104.1833,86.05,0,0,10.29
125,Nabire,99,ID,overcast clouds,2022-02-05 05:13:10,67,-3.3667,135.4833,85.8,0,0,8.5
126,Karratha,68,AU,broken clouds,2022-02-05 05:12:42,52,-20.7377,116.8463,93.94,0,0,17.9
127,San Quintin,17,MX,few clouds,2022-02-05 05:15:31,50,30.4833,-115.95,55.74,0,0,3.91
128,Tiksi,73,RU,broken clouds,2022-02-05 05:12:58,98,71.6872,128.8694,-22.16,0,0,7.45
129,Galesong,99,ID,overcast clouds,2022-02-05 05:21:18,70,-5.3166,119.3661,87.82,0,0,10.11
130,Namibe,33,AO,scattered clouds,2022-02-05 05:12:06,66,-15.1961,12.1522,71.19,0,0,5.84
131,Shelburne,100,CA,overcast clouds,2022-02-05 05:21:18,88,44.0787,-80.2041,5.76,0,0,7.58
132,Smithers,100,CA,overcast clouds,2022-02-05 05:21:19,75,54.7804,-127.1743,39.52,0,0,2.3
133,Nanortalik,71,GL,broken clouds,2022-02-05 05:20:40,60,60.1432,-45.2371,12.31,0,0,38.88
134,Ende,98,ID,overcast clouds,2022-02-05 05:21:19,81,-8.8432,121.6623,82.85,0,0,2.51
135,Gat,89,IL,overcast clouds,2022-02-05 05:17:39,100,31.61,34.7642,52.48,0,0,10.16
136,Chegdomyn,100,RU,overcast clouds,2022-02-05 05:21:20,84,51.1167,133.0167,2.77,0,0,2.48
137,Ferme-Neuve,100,CA,overcast clouds,2022-02-05 05:21:21,92,46.7001,-75.4493,1.18,0,0,3.51
138,Barrow,100,US,overcast clouds,2022-02-05 05:14:39,70,71.2906,-156.7887,-11.18,0,0,6.91
139,Buala,100,SB,light rain,2022-02-05 05:14:26,77,-8.145,159.5921,84.16,0,0,9.26
140,Korla,100,CN,overcast clouds,2022-02-05 05:12:03,38,41.7597,86.1469,28.58,0,0,6.55
141,Kemijarvi,100,FI,light snow,2022-02-05 05:21:22,93,66.7131,27.4306,21.6,0,0,12.03
142,Arraial Do Cabo,97,BR,overcast clouds,2022-02-05 05:20:36,88,-22.9661,-42.0278,75.49,0,0,21.16
143,Erzin,0,TR,clear sky,2022-02-05 05:14:32,73,36.9559,36.2,41.52,0,0,2.21
144,Wanaka,100,NZ,overcast clouds,2022-02-05 05:21:22,73,-44.7,169.15,55.94,0,0,4.36
145,Hofn,100,IS,overcast clouds,2022-02-05 05:07:45,66,64.2539,-15.2082,26.33,0,0,14.74
146,Talnakh,93,RU,overcast clouds,2022-02-05 05:19:23,96,69.4865,88.3972,-7.42,0,0,3.98
147,Atar,21,MR,few clouds,2022-02-05 05:08:58,12,20.5169,-13.0499,66.83,0,0,5.61
148,Maceio,40,BR,scattered clouds,2022-02-05 05:16:16,88,-9.6658,-35.7353,74.64,0,0,2.3
149,Dossor,100,KZ,overcast clouds,2022-02-05 05:21:24,92,47.5272,52.9811,32.41,0,0,5.08
150,Bagdarin,15,RU,few clouds,2022-02-05 05:21:24,70,54.4333,113.6,8.73,0,0,4.63
151,Patacamaya,100,BO,overcast clouds,2022-02-05 05:21:24,75,-17.2333,-67.9167,46.49,0,0,5.41
152,At-Bashi,15,KG,few clouds,2022-02-05 05:21:25,71,41.1702,75.8106,7.54,0,0,2.24
153,Moca,20,DO,few clouds,2022-02-05 05:21:26,97,19.5,-70.5,57.31,0,0,0.0
154,Calvia,100,ES,overcast clouds,2022-02-05 05:21:26,81,39.5657,2.5062,52.09,0,0,2.1
155,Codrington,99,AU,overcast clouds,2022-02-05 05:12:01,58,-38.2667,141.9667,69.3,0,0,20.67
156,San Patricio,6,US,clear sky,2022-02-05 05:21:27,77,28.017,-97.5169,39.83,0,0,12.33
157,Poum,97,NC,light rain,2022-02-05 05:15:51,75,-20.2333,164.0167,81.48,0,0,14.07
158,Pouembout,100,NC,moderate rain,2022-02-05 05:21:27,81,-21.1333,164.9,82.2,0,0,11.1
159,Gillingham,2,GB,clear sky,2022-02-05 05:21:28,79,51.3891,0.5486,38.71,0,0,8.01
160,Domoni,34,KM,scattered clouds,2022-02-05 05:21:28,75,-12.2569,44.5319,82.4,0,0,9.33
161,La Rioja,100,ES,overcast clouds,2022-02-05 05:21:29,94,42.25,-2.5,37.18,0,0,3.2
162,Tasiilaq,100,GL,overcast clouds,2022-02-05 05:21:29,66,65.6145,-37.6368,24.96,0,0,38.5
163,Bambous Virieux,75,MU,light rain,2022-02-05 05:21:29,83,-20.3428,57.7575,80.85,0,0,19.57
164,Kikwit,97,CD,overcast clouds,2022-02-05 05:21:30,92,-5.041,18.8162,67.57,0,0,2.24
165,Mayumba,100,GA,overcast clouds,2022-02-05 05:11:42,84,-3.432,10.6554,75.56,0,0,3.78
166,Nueva Loja,100,EC,overcast clouds,2022-02-05 05:20:15,98,0.0847,-76.8828,70.56,0,0,1.66
167,Yulara,0,AU,clear sky,2022-02-05 05:21:30,16,-25.2406,130.9889,87.64,0,0,8.05
168,Rodrigues Alves,100,BR,overcast clouds,2022-02-05 05:12:34,98,-7.738,-72.6509,72.05,0,0,2.62
169,Husavik,98,IS,overcast clouds,2022-02-05 05:12:41,94,66.0449,-17.3389,15.64,0,0,7.85
170,Quang Ngai,100,VN,overcast clouds,2022-02-05 05:11:54,91,15.1167,108.8,70.9,0,0,7.45
171,Chokwe,42,MZ,scattered clouds,2022-02-05 05:21:32,72,-24.5333,32.9833,76.86,0,0,8.66
172,Trat,58,TH,broken clouds,2022-02-05 05:21:32,41,12.5,102.5,88.92,0,0,14.76
173,Vao,100,NC,overcast clouds,2022-02-05 05:13:30,85,-22.6667,167.4833,80.33,0,0,7.27
174,Lebu,51,CL,broken clouds,2022-02-05 05:21:33,88,-37.6167,-73.65,56.95,0,0,17.56
175,Alofi,100,NU,light rain,2022-02-05 05:14:26,80,-19.0595,-169.9187,80.4,0,0,20.69
176,Saint George,0,US,clear sky,2022-02-05 05:12:01,35,37.1041,-113.5841,42.35,0,0,1.01
177,Cortes,100,ES,overcast clouds,2022-02-05 05:13:59,74,41.9395,-1.4396,49.03,0,0,15.55
178,Taoudenni,51,ML,broken clouds,2022-02-05 05:09:03,16,22.6783,-3.9836,61.74,0,0,10.13
179,Yatou,70,CN,broken clouds,2022-02-05 05:15:45,37,37.15,122.3833,32.31,0,0,17.56
180,Sao Filipe,0,CV,clear sky,2022-02-05 05:12:43,72,14.8961,-24.4956,72.57,0,0,12.28
181,Ribeira Grande,21,PT,few clouds,2022-02-05 05:21:34,79,38.5167,-28.7,58.86,0,0,5.61
182,Kieta,100,PG,light rain,2022-02-05 05:20:44,75,-6.2167,155.6333,85.26,0,0,11.92
183,Lata,79,PT,broken clouds,2022-02-05 05:15:42,96,40.1629,-8.3327,42.06,0,0,2.75
184,Provideniya,1,RU,clear sky,2022-02-05 05:11:42,68,64.3833,-173.3,0.1,0,0,11.79
185,Coahuayana,2,MX,clear sky,2022-02-05 05:13:00,79,18.7333,-103.6833,66.67,0,0,4.18
186,Cienaga,3,CO,clear sky,2022-02-05 05:21:35,78,11.007,-74.2476,80.98,0,0,2.3
187,Hualmay,60,PE,broken clouds,2022-02-05 05:12:17,86,-11.0964,-77.6139,69.51,0,0,7.76
188,Kokorevka,98,RU,overcast clouds,2022-02-05 05:21:36,99,52.5872,34.2778,2.14,0,0,1.83
189,Cabo San Lucas,0,MX,clear sky,2022-02-05 05:12:29,70,22.8909,-109.9124,62.94,0,0,1.66
190,Nikolskoye,100,RU,light snow,2022-02-05 05:21:37,88,59.7035,30.7861,19.87,0,0,13.51
191,Tuktoyaktuk,29,CA,scattered clouds,2022-02-05 05:07:44,91,69.4541,-133.0374,-21.77,0,0,13.18
192,Igarka,100,RU,light snow,2022-02-05 05:21:37,95,67.4667,86.5833,7.72,0,0,8.72
193,Zeya,51,RU,broken clouds,2022-02-05 05:21:27,49,53.75,127.2667,7.88,0,0,5.59
194,Mancio Lima,99,BR,overcast clouds,2022-02-05 05:21:38,98,-7.6142,-72.8958,71.96,0,0,2.48
195,Lorengau,98,PG,overcast clouds,2022-02-05 05:21:39,65,-2.0226,147.2712,84.85,0,0,9.95
196,Mount Isa,5,AU,clear sky,2022-02-05 05:09:37,17,-20.7333,139.5,91.17,0,0,10.36
197,Port-Gentil,68,GA,broken clouds,2022-02-05 05:21:39,79,-0.7193,8.7815,79.43,0,0,8.88
198,San Andres,35,CO,scattered clouds,2022-02-05 05:21:39,72,12.5847,-81.7006,80.1,0,0,12.73
199,Kemalpasa,1,TR,clear sky,2022-02-05 05:21:40,74,38.4262,27.4173,30.09,0,0,3.42
200,Iquique,29,CL,scattered clouds,2022-02-05 05:18:27,76,-20.2208,-70.1431,62.64,0,0,0.76
201,Carnarvon,12,AU,few clouds,2022-02-05 05:07:24,37,-24.8667,113.6333,96.87,0,0,5.41
202,Abnub,4,EG,clear sky,2022-02-05 05:21:41,77,27.2696,31.1511,47.03,0,0,8.23
203,Mangit,48,UZ,scattered clouds,2022-02-05 05:21:41,28,40.5971,70.9607,42.08,0,0,7.47
204,Srednekolymsk,98,RU,overcast clouds,2022-02-05 05:12:56,100,67.45,153.6833,-32.13,0,0,0.74
205,Khatanga,87,RU,overcast clouds,2022-02-05 05:21:42,100,71.9667,102.5,-35.09,0,0,2.71
206,Acapulco,0,MX,clear sky,2022-02-05 05:12:41,83,16.8634,-99.8901,73.22,0,0,2.3
207,Bilma,2,NE,clear sky,2022-02-05 05:15:03,27,18.6853,12.9164,53.04,0,0,5.12
208,Pevek,92,RU,overcast clouds,2022-02-05 05:12:07,99,69.7008,170.3133,-26.39,0,0,6.4
209,Paamiut,100,GL,light snow,2022-02-05 05:21:43,89,61.994,-49.6678,3.42,0,0,9.15
210,Mogadishu,40,SO,scattered clouds,2022-02-05 05:21:43,69,2.0371,45.3438,78.67,0,0,12.66
211,Ponta Do Sol,84,PT,broken clouds,2022-02-05 05:21:44,69,32.6667,-17.1,65.71,0,0,4.88
212,San Cristobal,52,VE,broken clouds,2022-02-05 05:21:44,92,7.7669,-72.225,69.98,0,0,3.0
213,Batsfjord,100,NO,overcast clouds,2022-02-05 05:21:44,86,70.6345,29.7185,18.93,0,0,21.14
214,Jamestown,100,US,overcast clouds,2022-02-05 05:10:41,92,42.097,-79.2353,20.52,0,0,6.91
215,Moindou,99,NC,light rain,2022-02-05 05:21:45,77,-21.6924,165.677,85.95,0,0,8.39
216,Roquebrune-Cap-Martin,64,FR,broken clouds,2022-02-05 05:21:46,86,43.7641,7.4821,52.54,0,0,7.27
217,Santa,24,PH,few clouds,2022-02-05 05:21:46,68,17.486,120.4348,89.02,0,0,9.35
218,Snyder,0,US,clear sky,2022-02-05 05:21:47,63,32.7179,-100.9176,29.52,0,0,6.91
219,Chokurdakh,22,RU,few clouds,2022-02-05 05:12:10,100,70.6333,147.9167,-31.58,0,0,1.45
220,Benjamin Constant,98,BR,overcast clouds,2022-02-05 05:21:47,97,-4.3831,-70.0311,75.33,0,0,2.13
221,Bengkulu,100,ID,overcast clouds,2022-02-05 05:21:47,79,-3.8004,102.2655,78.24,0,0,2.84
222,Nome,0,US,clear sky,2022-02-05 05:13:25,65,64.5011,-165.4064,0.16,0,0,0.0
223,Severnyy,100,RU,overcast clouds,2022-02-05 05:13:18,93,50.677,36.5532,19.44,0,0,13.42
224,La Roche-Sur-Yon,0,FR,clear sky,2022-02-05 05:21:48,93,46.6667,-1.4333,38.64,0,0,2.3
225,Lenine,25,UA,scattered clouds,2022-02-05 05:21:49,69,45.2986,35.7771,28.62,0,0,8.39
226,Portland,75,US,broken clouds,2022-02-05 05:17:35,90,45.5234,-122.6762,49.6,0,0,1.01
227,Torbay,100,CA,freezing rain,2022-02-05 05:21:49,99,47.6666,-52.7314,32.76,0,0,5.75
228,Blagoyevo,79,RU,broken clouds,2022-02-05 05:21:50,100,63.3667,47.9167,-10.25,0,0,2.75
229,Kota Kinabalu,20,MY,few clouds,2022-02-05 05:21:50,62,5.9749,116.0724,89.58,0,0,4.61
230,Palmer,100,US,overcast clouds,2022-02-05 05:13:41,83,42.1584,-72.3287,27.95,0,0,1.01
231,Wattegama,55,LK,broken clouds,2022-02-05 05:21:51,49,6.7989,81.4808,85.37,0,0,5.35
232,Olinda,40,BR,scattered clouds,2022-02-05 05:16:30,74,-8.0089,-34.8553,80.33,0,0,4.61
233,Pisco,0,PE,clear sky,2022-02-05 05:21:51,88,-13.7,-76.2167,67.01,0,0,0.0
234,Xihe,38,CN,scattered clouds,2022-02-05 05:21:52,39,31.6864,113.4659,47.46,0,0,9.73
235,Geraldton,0,AU,clear sky,2022-02-05 05:19:19,9,-28.7667,114.6,108.01,0,0,8.05
236,Srikakulam,61,IN,broken clouds,2022-02-05 05:21:52,28,18.3,83.9,79.05,0,0,6.89
237,New Norfolk,85,AU,overcast clouds,2022-02-05 05:21:53,46,-42.7826,147.0587,70.92,0,0,1.99
238,Luena,100,AO,overcast clouds,2022-02-05 05:21:53,95,-11.7833,19.9167,62.13,0,0,7.27
239,Kondoa,100,TZ,light rain,2022-02-05 05:21:54,97,-4.9,35.7833,61.27,0,0,2.28
240,Jabinyanah,74,TN,broken clouds,2022-02-05 05:21:54,43,35.035,10.9081,46.2,0,0,4.07
241,La Ronge,100,CA,overcast clouds,2022-02-05 05:21:55,77,55.1001,-105.2842,-7.35,0,0,6.91
242,Mangalia,13,RO,few clouds,2022-02-05 05:21:55,74,43.8,28.5833,34.09,0,0,8.08
243,Longyearbyen,20,SJ,few clouds,2022-02-05 05:21:55,57,78.2186,15.6401,13.84,0,0,27.63
244,Chernyshevskiy,89,RU,overcast clouds,2022-02-05 05:13:58,94,63.0128,112.4714,-9.36,0,0,3.24
245,Bunia,100,CD,overcast clouds,2022-02-05 05:21:56,50,1.5667,30.25,67.57,0,0,3.24
246,Lumphat,95,KH,overcast clouds,2022-02-05 05:21:57,43,13.4878,106.9816,87.01,0,0,11.79
247,Kirakira,98,SB,overcast clouds,2022-02-05 05:21:57,75,-10.4544,161.9205,84.79,0,0,8.68
248,Teguise,0,ES,clear sky,2022-02-05 05:21:58,63,29.0605,-13.564,61.02,0,0,8.05
249,Hami,100,CN,overcast clouds,2022-02-05 05:21:58,25,42.8,93.45,29.73,0,0,3.24
250,Grand-Santi,100,GF,overcast clouds,2022-02-05 05:21:59,99,4.25,-54.3833,71.55,0,0,2.33
251,Punta Cardon,6,VE,clear sky,2022-02-05 05:21:59,80,11.6581,-70.215,76.8,0,0,16.58
252,Coleraine,100,GB,overcast clouds,2022-02-05 05:21:55,91,55.1333,-6.6667,42.84,0,0,20.92
253,Milyutinskaya,92,RU,overcast clouds,2022-02-05 05:22:00,89,48.6279,41.6679,26.44,0,0,10.22
254,Kaitangata,16,NZ,few clouds,2022-02-05 05:17:40,58,-46.2817,169.8464,55.98,0,0,7.4
255,Raudeberg,100,NO,overcast clouds,2022-02-05 05:09:16,76,61.9875,5.1352,37.87,0,0,8.99
256,Jizan,9,SA,clear sky,2022-02-05 05:22:01,75,17.3333,42.6667,77.94,0,0,7.07
257,Hunchun,71,CN,broken clouds,2022-02-05 05:22:01,46,42.8675,130.3581,17.15,0,0,15.26
258,Lagoa,84,PT,broken clouds,2022-02-05 05:12:07,82,39.05,-27.9833,57.56,0,0,21.54
259,Emba,100,KZ,overcast clouds,2022-02-05 05:22:02,87,48.8264,58.1442,26.17,0,0,17.07
260,Belmonte,100,BR,overcast clouds,2022-02-05 05:17:06,89,-15.8631,-38.8828,79.3,0,0,6.89
261,Cherskiy,8,RU,clear sky,2022-02-05 05:22:02,97,68.75,161.3,-31.59,0,0,4.18
262,Sorong,100,ID,overcast clouds,2022-02-05 05:19:22,70,-0.8833,131.25,84.92,0,0,15.28
263,Sao Joao Da Barra,98,BR,overcast clouds,2022-02-05 05:13:01,87,-21.6403,-41.0511,75.13,0,0,15.75
264,North Bend,100,US,overcast clouds,2022-02-05 05:22:03,99,43.4065,-124.2243,48.16,0,0,4.61
265,Miragoane,1,HT,clear sky,2022-02-05 05:22:04,76,18.4423,-73.0876,75.83,0,0,6.42
266,Hun,2,LY,clear sky,2022-02-05 05:08:27,44,29.1268,15.9477,48.15,0,0,4.45
267,Bathsheba,20,BB,few clouds,2022-02-05 05:08:05,68,13.2167,-59.5167,74.01,0,0,8.05
268,Myaundzha,11,RU,few clouds,2022-02-05 05:22:05,75,63.0494,147.1858,-10.3,0,0,3.02
269,Prainha,82,BR,broken clouds,2022-02-05 05:22:05,96,-1.8,-53.48,72.75,0,0,2.93
270,Nizwa,5,OM,clear sky,2022-02-05 05:16:38,29,22.9333,57.5333,69.87,0,0,2.17
271,Kabinda,99,CD,overcast clouds,2022-02-05 05:14:32,92,-6.1333,24.4833,63.66,0,0,2.73
272,Suez,30,EG,scattered clouds,2022-02-05 05:22:06,66,29.9737,32.5263,50.74,0,0,5.66
273,Bacungan,85,PH,overcast clouds,2022-02-05 05:22:06,66,9.9106,118.7022,84.7,0,0,10.94
274,Katsuura,98,JP,overcast clouds,2022-02-05 05:12:01,36,35.1333,140.3,46.51,0,0,6.46
275,Aberdeen,61,GB,broken clouds,2022-02-05 05:22:07,78,57.1437,-2.0981,39.49,0,0,6.91
276,Qaanaaq,100,GL,overcast clouds,2022-02-05 05:17:56,71,77.484,-69.3632,1.54,0,0,6.29
277,Sassandra,13,CI,light rain,2022-02-05 05:22:07,89,4.95,-6.0833,76.42,0,0,1.92
278,Dikson,100,RU,overcast clouds,2022-02-05 05:22:08,91,73.5069,80.5464,-2.38,0,0,5.44
279,Guerrero Negro,0,MX,clear sky,2022-02-05 05:22:03,35,27.9769,-114.0611,59.18,0,0,2.77
280,Chara,83,RU,broken clouds,2022-02-05 05:22:09,90,56.9064,118.2631,-4.59,0,0,1.43
281,Auki,91,SB,overcast clouds,2022-02-05 05:13:41,74,-8.7676,160.7034,84.0,0,0,7.96
282,Kondopoga,100,RU,overcast clouds,2022-02-05 05:20:17,94,62.2057,34.2614,4.68,0,0,9.44
283,Khandyga,80,RU,broken clouds,2022-02-05 05:22:09,92,62.6667,135.6,-25.26,0,0,0.22
284,Santa Maria,76,BR,broken clouds,2022-02-05 05:22:10,89,-29.6842,-53.8069,72.72,0,0,2.59
285,Tautira,28,PF,scattered clouds,2022-02-05 05:19:27,74,-17.7333,-149.15,82.42,0,0,14.2
286,Berlevag,100,NO,overcast clouds,2022-02-05 05:22:11,80,70.8578,29.0864,20.75,0,0,25.14
287,Bully-Les-Mines,3,FR,clear sky,2022-02-05 05:22:11,86,50.4438,2.727,37.15,0,0,7.29
288,Nishihara,40,JP,scattered clouds,2022-02-05 05:12:25,51,26.1842,127.7558,62.65,0,0,17.27
289,Severo-Kurilsk,86,RU,light snow,2022-02-05 05:08:58,89,50.6789,156.125,30.51,0,0,9.75
290,Egvekinot,0,RU,clear sky,2022-02-05 05:22:12,79,66.3167,-179.1667,-7.31,0,0,13.53
291,Timbiqui,94,CO,overcast clouds,2022-02-05 05:22:12,95,2.7717,-77.6654,73.4,0,0,4.12
292,Nelson,100,NZ,light rain,2022-02-05 05:17:49,87,-41.2833,173.2833,60.3,0,0,5.01
293,Tyumen,0,RU,clear sky,2022-02-05 05:21:03,78,57.1522,65.5272,17.69,0,0,8.95
294,Tromso,40,NO,scattered clouds,2022-02-05 05:08:24,68,69.6496,18.957,21.22,0,0,3.44
295,Muroto,69,JP,broken clouds,2022-02-05 05:22:13,45,33.2833,134.15,46.44,0,0,22.39
296,Jilib,54,SO,broken clouds,2022-02-05 05:22:14,76,0.4883,42.7854,79.21,0,0,9.82
297,Yerofey Pavlovich,100,RU,overcast clouds,2022-02-05 05:22:14,54,53.9667,121.9667,12.04,0,0,8.48
298,Ferreira Do Alentejo,20,PT,fog,2022-02-05 05:22:15,100,38.05,-8.0333,42.39,0,0,5.75
299,Goundam,0,ML,clear sky,2022-02-05 05:22:15,16,16.4145,-3.6708,59.88,0,0,9.35
300,Boa Vista,0,BR,clear sky,2022-02-05 05:20:25,61,2.8197,-60.6733,80.58,0,0,10.36
301,Hambantota,66,LK,broken clouds,2022-02-05 05:22:16,64,6.1241,81.1185,82.17,0,0,6.04
302,Tucumcari,0,US,clear sky,2022-02-05 05:13:50,63,35.1717,-103.725,24.64,0,0,5.75
303,Port Lincoln,6,AU,clear sky,2022-02-05 05:22:17,54,-34.7333,135.8667,74.35,0,0,10.63
304,Amapa,88,BR,overcast clouds,2022-02-05 05:12:49,99,1.0,-52.0,70.97,0,0,2.01
305,Hobyo,32,SO,scattered clouds,2022-02-05 05:12:50,62,5.3505,48.5268,77.65,0,0,17.25
306,Dingle,83,PH,broken clouds,2022-02-05 05:12:40,70,10.9995,122.6711,82.47,0,0,18.01
307,Ambon,40,ID,scattered clouds,2022-02-05 05:19:29,66,-3.6954,128.1814,87.94,0,0,6.91
308,Oyama,36,JP,scattered clouds,2022-02-05 05:22:18,18,36.3,139.8,47.82,0,0,13.35
309,Sisimiut,100,GL,overcast clouds,2022-02-05 05:22:18,84,66.9395,-53.6735,0.72,0,0,17.47
310,Touros,5,BR,clear sky,2022-02-05 05:22:19,74,-5.1989,-35.4608,77.9,0,0,11.48
311,Grand-Lahou,4,CI,clear sky,2022-02-05 05:22:19,85,5.1367,-5.0242,77.92,0,0,3.27
312,Northam,14,GB,few clouds,2022-02-05 05:22:20,76,51.0333,-4.2167,45.61,0,0,12.17
313,Bandarbeyla,0,SO,clear sky,2022-02-05 05:22:00,66,9.4942,50.8122,75.47,0,0,6.53
314,Chulym,96,RU,overcast clouds,2022-02-05 05:22:20,83,55.0997,80.9572,12.67,0,0,10.71
315,Owando,99,CG,overcast clouds,2022-02-05 05:12:24,87,-0.4819,15.8999,70.11,0,0,2.75
316,Waw,97,SS,overcast clouds,2022-02-05 05:22:21,21,7.7029,27.9953,70.59,0,0,7.2
317,Kawalu,97,ID,overcast clouds,2022-02-05 05:22:22,75,-7.3817,108.2082,81.7,0,0,1.45
318,Vardo,100,NO,light snow,2022-02-05 05:22:22,90,70.3705,31.1107,21.49,0,0,25.81
319,Tshikapa,92,CD,overcast clouds,2022-02-05 05:22:23,98,-6.4167,20.8,66.18,0,0,1.86
320,Pingliang,100,CN,overcast clouds,2022-02-05 05:22:23,67,35.5392,106.6861,23.11,0,0,5.99
321,Los Llanos De Aridane,0,ES,clear sky,2022-02-05 05:13:24,74,28.6585,-17.9182,57.13,0,0,10.0
322,Mumford,6,GH,clear sky,2022-02-05 05:22:24,84,5.2618,-0.759,78.8,0,0,5.57
323,Amga,99,RU,overcast clouds,2022-02-05 05:22:24,89,60.8953,131.9608,-12.98,0,0,4.18
324,Port Macquarie,75,AU,light rain,2022-02-05 05:20:11,73,-31.4333,152.9167,74.89,0,0,17.27
325,Altagracia De Orituco,25,VE,scattered clouds,2022-02-05 05:22:25,90,9.8601,-66.3814,68.14,0,0,5.01
326,Lompoc,0,US,clear sky,2022-02-05 05:20:48,77,34.6391,-120.4579,54.93,0,0,3.44
327,Pitimbu,7,BR,clear sky,2022-02-05 05:22:25,71,-7.4706,-34.8086,77.59,0,0,7.67
328,West Bay,9,KY,clear sky,2022-02-05 05:22:26,91,19.3667,-81.4167,76.06,0,0,10.85
329,Big Spring,0,US,clear sky,2022-02-05 05:22:26,63,32.2504,-101.4787,29.68,0,0,1.01
330,Pulo,94,PH,overcast clouds,2022-02-05 05:22:26,46,15.246,120.9285,86.07,0,0,11.83
331,Kamenka,91,RU,overcast clouds,2022-02-05 05:14:45,97,51.3223,42.7678,9.86,0,0,6.49
332,Teguldet,100,RU,overcast clouds,2022-02-05 05:22:27,82,57.3064,88.1667,18.66,0,0,11.95
333,Sobolevo,100,RU,overcast clouds,2022-02-05 05:13:29,100,54.4299,31.8996,1.92,0,0,7.4
334,Mabaruma,18,GY,few clouds,2022-02-05 05:14:57,93,8.2,-59.7833,71.94,0,0,2.59
335,El Tigre,17,VE,few clouds,2022-02-05 05:22:28,70,8.8875,-64.2454,72.57,0,0,10.09
336,Kashi,40,CN,scattered clouds,2022-02-05 05:22:28,74,39.4547,75.9797,32.23,0,0,6.71
337,Belaya Gora,52,RU,broken clouds,2022-02-05 05:12:41,100,68.5333,146.4167,-34.35,0,0,0.38
338,Balkanabat,92,TM,overcast clouds,2022-02-05 05:22:29,86,39.5108,54.3671,47.59,0,0,13.51
339,Amazar,100,RU,overcast clouds,2022-02-05 05:16:29,58,53.858,120.875,12.16,0,0,10.74
340,Kananga,93,CD,overcast clouds,2022-02-05 05:22:29,93,-5.8958,22.4178,65.64,0,0,2.01
341,Faya,25,SA,scattered clouds,2022-02-05 05:22:30,76,18.3851,42.4509,57.31,0,0,6.44
342,Isangel,100,VU,light rain,2022-02-05 05:22:30,94,-19.55,169.2667,77.11,0,0,3.44
343,Langsa,94,ID,overcast clouds,2022-02-05 05:22:31,49,4.4683,97.9683,91.44,0,0,1.95
344,Oruro,100,BO,overcast clouds,2022-02-05 05:22:31,77,-17.9833,-67.15,45.3,0,0,6.06
345,Benguela,100,AO,overcast clouds,2022-02-05 05:16:34,72,-12.5763,13.4055,73.31,0,0,2.93
346,Cap Malheureux,100,MU,overcast clouds,2022-02-05 05:16:39,84,-19.9842,57.6142,81.09,0,0,10.0
347,Ust-Maya,96,RU,overcast clouds,2022-02-05 05:22:32,87,60.4167,134.5333,-16.08,0,0,2.84
348,Leh,88,IN,overcast clouds,2022-02-05 05:15:47,87,34.1667,77.5833,1.27,0,0,2.73
349,Antalaha,100,MG,overcast clouds,2022-02-05 05:22:32,71,-14.9003,50.2788,79.61,0,0,3.24
350,Gravdal,91,NO,snow,2022-02-05 05:22:33,77,68.1214,13.5031,28.56,0,0,17.67
351,Marawi,67,PH,broken clouds,2022-02-05 05:13:33,53,7.9986,124.2928,74.64,0,0,8.01
352,Sistranda,100,NO,snow,2022-02-05 05:14:47,93,63.7256,8.834,35.91,0,0,44.02
353,Svetlyy,100,RU,light rain,2022-02-05 05:22:34,97,54.675,20.1347,37.45,0,0,25.61
354,Luwingu,100,ZM,overcast clouds,2022-02-05 05:22:34,95,-10.2621,29.9271,60.62,0,0,4.14
355,Etchoropo,0,MX,clear sky,2022-02-05 05:22:35,67,26.7667,-109.6667,58.41,0,0,12.15
356,Ola,7,RU,clear sky,2022-02-05 05:22:35,72,59.5833,151.2833,4.66,0,0,10.27
357,Chauk,10,MM,clear sky,2022-02-05 05:22:35,35,20.8833,94.8167,83.17,0,0,12.01
358,Graaff-Reinet,42,ZA,scattered clouds,2022-02-05 05:22:36,87,-32.2522,24.5308,58.93,0,0,4.54
359,Yenagoa,15,NG,few clouds,2022-02-05 05:22:36,92,4.9247,6.2642,75.85,0,0,2.06
360,Klaksvik,98,FO,overcast clouds,2022-02-05 05:20:35,58,62.2266,-6.589,34.72,0,0,9.15
361,Simao,0,CN,clear sky,2022-02-05 05:22:37,53,22.7886,100.9748,68.43,0,0,7.87
362,Constantine,0,DZ,clear sky,2022-02-05 05:16:53,56,36.365,6.6147,40.41,0,0,3.44
363,Hermon,100,US,overcast clouds,2022-02-05 05:22:38,87,44.8101,-68.9134,16.74,0,0,1.99
364,Oskemen,100,KZ,fog,2022-02-05 05:22:38,77,49.9565,82.6119,-4.04,0,0,4.47
365,Sibu,40,MY,scattered clouds,2022-02-05 05:22:38,66,2.3,111.8167,89.91,0,0,3.44
366,Macia,25,MZ,scattered clouds,2022-02-05 05:22:39,75,-25.0269,33.0989,76.8,0,0,7.81
367,Saskylakh,99,RU,overcast clouds,2022-02-05 05:22:39,99,71.9167,114.0833,-13.9,0,0,4.38
368,Tangjiazhuang,0,CN,clear sky,2022-02-05 05:22:40,16,39.7333,118.45,31.39,0,0,12.01
369,Lufilufi,100,WS,moderate rain,2022-02-05 05:14:00,78,-13.8745,-171.5986,79.79,0,0,15.68
370,Port Augusta,7,AU,clear sky,2022-02-05 05:13:21,19,-32.5,137.7667,92.71,0,0,13.87
371,Umm Lajj,45,SA,scattered clouds,2022-02-05 05:12:49,49,25.0213,37.2685,61.23,0,0,8.34
372,Pontevedra,85,ES,overcast clouds,2022-02-05 05:22:41,88,42.431,-8.6444,50.14,0,0,7.83
373,Fort Nelson,100,CA,overcast clouds,2022-02-05 05:13:14,96,58.8053,-122.7002,-7.35,0,0,1.68
374,Yiyang,12,CN,few clouds,2022-02-05 05:21:00,62,28.5892,112.3283,49.39,0,0,4.36
375,Praia,0,CV,clear sky,2022-02-05 05:22:41,73,14.9215,-23.5087,70.34,0,0,17.27
376,Natal,20,BR,few clouds,2022-02-05 05:22:42,83,-5.795,-35.2094,79.02,0,0,4.61
377,Ostrovnoy,100,RU,overcast clouds,2022-02-05 05:22:42,83,68.0531,39.5131,15.28,0,0,27.0
378,Khani,98,GE,snow,2022-02-05 05:20:19,98,41.9563,42.9566,27.97,0,0,6.35
379,Menasha,0,US,clear sky,2022-02-05 05:18:34,79,44.2022,-88.4465,8.49,0,0,9.22
380,Liverpool,69,GB,broken clouds,2022-02-05 05:12:09,84,53.4106,-2.9779,42.76,0,0,5.01
381,Tommot,100,RU,overcast clouds,2022-02-05 05:22:43,87,58.9564,126.2925,2.44,0,0,6.98
382,Wau,97,SS,overcast clouds,2022-02-05 05:22:44,21,7.7029,27.9953,70.59,0,0,7.2
383,Arlit,0,NE,clear sky,2022-02-05 05:22:44,26,18.7369,7.3853,53.26,0,0,4.72
384,Bridgewater,100,CA,overcast clouds,2022-02-05 05:22:45,94,44.3835,-64.5155,29.82,0,0,3.0
385,Biak,98,ID,overcast clouds,2022-02-05 05:16:07,68,-0.9131,122.8766,84.31,0,0,3.33
386,Digby,100,CA,overcast clouds,2022-02-05 05:22:45,91,44.6169,-65.7655,29.71,0,0,18.28
387,Okhotsk,96,RU,overcast clouds,2022-02-05 05:22:46,71,59.3833,143.3,7.52,0,0,14.32
388,Yagodnoye,6,RU,clear sky,2022-02-05 05:22:46,83,62.55,149.6667,-17.66,0,0,3.96
389,Laramie,0,US,clear sky,2022-02-05 05:19:19,58,41.3114,-105.5911,30.29,0,0,25.32
390,Voi,98,KE,overcast clouds,2022-02-05 05:22:47,69,-3.3945,38.563,75.99,0,0,3.44
391,Zelenoborskiy,100,RU,light snow,2022-02-05 05:22:47,94,66.845,32.3622,16.57,0,0,15.43
392,Mlonggo,57,ID,light rain,2022-02-05 05:22:48,80,-6.5333,110.7,85.89,0,0,12.26
393,Tougan,6,BF,clear sky,2022-02-05 05:22:48,15,13.0667,-3.0667,63.03,0,0,9.66
394,Awjilah,0,LY,clear sky,2022-02-05 05:22:49,79,29.1081,21.2869,48.27,0,0,5.35
395,Shenzhen,76,CN,broken clouds,2022-02-05 05:19:35,76,22.5455,114.0683,66.07,0,0,4.63
396,Kisangani,100,CD,overcast clouds,2022-02-05 05:22:49,87,0.5167,25.2,70.38,0,0,2.33
397,Adrar,0,MR,clear sky,2022-02-05 05:22:50,13,20.5022,-10.0711,60.76,0,0,9.22
398,Vestmannaeyjar,100,IS,snow,2022-02-05 05:16:39,84,63.4427,-20.2734,32.45,0,0,16.35
399,Adre,37,TD,scattered clouds,2022-02-05 05:22:51,26,13.4667,22.2,56.12,0,0,20.4
400,Alberton,100,CA,snow,2022-02-05 05:22:51,93,46.8168,-64.0654,23.13,0,0,18.88
401,Skibbereen,79,IE,broken clouds,2022-02-05 05:22:51,76,51.55,-9.2667,49.1,0,0,20.24
402,Saint-Joseph,99,RE,light rain,2022-02-05 05:22:52,83,-21.3667,55.6167,86.38,0,0,20.87
403,Huercal-Overa,99,ES,overcast clouds,2022-02-05 05:22:52,46,37.389,-1.9454,56.23,0,0,2.55
404,Tazovskiy,100,RU,overcast clouds,2022-02-05 05:22:53,96,67.4667,78.7,5.36,0,0,7.54
405,Colwyn Bay,55,GB,broken clouds,2022-02-05 05:22:53,77,53.2948,-3.7267,44.82,0,0,16.24
406,Jacareacanga,100,BR,overcast clouds,2022-02-05 05:14:55,98,-6.2222,-57.7528,73.09,0,0,2.19
407,Bosaso,0,SO,clear sky,2022-02-05 05:20:21,42,11.2842,49.1816,77.04,0,0,3.94
408,Half Moon Bay,0,US,clear sky,2022-02-05 05:22:54,63,37.4636,-122.4286,56.01,0,0,0.0
409,Sungai Besar,74,MY,broken clouds,2022-02-05 05:22:55,61,3.6746,100.9867,86.05,0,0,2.73
410,Puerto Madryn,82,AR,broken clouds,2022-02-05 05:18:14,61,-42.7692,-65.0385,57.94,0,0,17.18
411,Luba,58,GQ,broken clouds,2022-02-05 05:22:55,85,3.4568,8.5547,75.09,0,0,2.59
412,Cortez,0,US,clear sky,2022-02-05 05:22:56,67,37.3489,-108.5859,25.7,0,0,4.61
413,Berbera,10,SO,clear sky,2022-02-05 05:22:56,58,10.4396,45.0143,75.43,0,0,3.44
414,Te Anau,3,NZ,clear sky,2022-02-05 05:08:13,43,-45.4167,167.7167,63.18,0,0,5.77
415,Bangkalan,80,ID,broken clouds,2022-02-05 05:22:57,68,-7.0455,112.7351,89.55,0,0,8.95
416,Mingguang,0,CN,clear sky,2022-02-05 05:22:57,28,32.7802,117.9638,41.27,0,0,8.12
417,Pacific Grove,0,US,clear sky,2022-02-05 05:22:58,67,36.6177,-121.9166,53.8,0,0,1.01
418,Samarai,95,PG,overcast clouds,2022-02-05 05:22:58,76,-10.6167,150.6667,84.54,0,0,9.6
419,Chadiza,100,ZM,overcast clouds,2022-02-05 05:22:59,91,-14.0678,32.4392,65.07,0,0,2.64
420,Barro,82,BR,broken clouds,2022-02-05 05:23:00,67,-6.7167,-38.8667,76.01,0,0,3.04
421,Myanaung,75,MM,broken clouds,2022-02-05 05:23:00,38,18.2833,95.3167,87.49,0,0,6.64
422,Tessalit,0,ML,clear sky,2022-02-05 05:16:54,22,20.1986,1.0114,55.11,0,0,11.72
423,Broome,100,US,mist,2022-02-05 05:20:22,85,42.2506,-75.833,16.38,0,0,9.22
424,Ancud,7,CL,clear sky,2022-02-05 05:23:01,91,-41.8697,-73.8203,53.22,0,0,2.48
425,Doha,0,QA,clear sky,2022-02-05 05:20:08,63,25.2867,51.5333,66.18,0,0,5.75
426,San Lorenzo,100,PY,thunderstorm with light rain,2022-02-05 05:23:02,94,-25.3333,-57.5333,76.59,0,0,7.0
427,Merauke,61,ID,broken clouds,2022-02-05 05:13:15,72,-8.4667,140.3333,85.21,0,0,11.9
428,Tevriz,100,RU,overcast clouds,2022-02-05 05:14:58,88,57.509,72.4042,21.72,0,0,5.55
429,Dalgopol,8,BG,clear sky,2022-02-05 05:23:02,84,43.05,27.35,28.47,0,0,3.53
430,Katherine,81,AU,broken clouds,2022-02-05 05:10:32,78,-14.4667,132.2667,80.92,0,0,6.91
431,Fuerte Olimpo,21,PY,few clouds,2022-02-05 05:17:19,65,-21.0415,-57.8738,79.47,0,0,6.15
432,Atbasar,100,KZ,overcast clouds,2022-02-05 05:23:03,78,51.8,68.3333,10.67,0,0,8.5
433,Mana,100,GF,overcast clouds,2022-02-05 05:17:15,90,5.6592,-53.7767,75.74,0,0,7.92
434,Tucuma,100,BR,light rain,2022-02-05 05:23:03,92,-0.1833,-50.05,75.02,0,0,5.08
435,Vanavara,100,RU,light snow,2022-02-05 05:23:04,91,60.34,102.2797,12.81,0,0,8.55
436,Coolum Beach,74,AU,light rain,2022-02-05 05:23:04,71,-26.5333,153.1,78.33,0,0,5.01
437,Ilam,94,NP,overcast clouds,2022-02-05 05:23:05,88,26.9167,87.9167,47.86,0,0,2.1
438,Yangjiang,5,CN,clear sky,2022-02-05 05:23:05,54,21.85,111.9667,56.95,0,0,9.35
439,Hinton,64,CA,broken clouds,2022-02-05 05:23:06,84,53.4001,-117.5857,30.24,0,0,9.33
440,Ngunguru,43,NZ,scattered clouds,2022-02-05 05:13:51,86,-35.6167,174.5,73.17,0,0,14.58
441,Dharchula,0,IN,clear sky,2022-02-05 05:23:06,66,29.85,80.5333,48.97,0,0,1.97
442,Bukan,89,IR,overcast clouds,2022-02-05 05:15:23,90,36.521,46.2089,27.66,0,0,7.67
443,Castleford,74,GB,broken clouds,2022-02-05 05:23:07,82,53.7259,-1.3626,41.54,0,0,5.01
444,Kloulklubed,40,PW,scattered clouds,2022-02-05 05:23:07,81,7.0419,134.2556,86.5,0,0,19.6
445,Krasnyy Chikoy,100,RU,overcast clouds,2022-02-05 05:23:08,82,50.3643,108.7512,15.33,0,0,5.57
446,Svetlogorsk,98,BY,overcast clouds,2022-02-05 05:23:08,94,52.6333,29.7333,17.33,0,0,11.77
447,Davila,49,PH,scattered clouds,2022-02-05 05:23:09,77,18.4726,120.5763,85.98,0,0,27.4
448,Kahului,100,US,overcast clouds,2022-02-05 05:23:09,87,20.8947,-156.47,75.85,0,0,6.91
449,Mehamn,100,NO,overcast clouds,2022-02-05 05:15:16,83,71.0357,27.8492,19.44,0,0,22.82
450,Hervey Bay,27,AU,scattered clouds,2022-02-05 05:23:10,60,-25.2986,152.8535,80.02,0,0,15.01
451,Buchanan,20,LR,few clouds,2022-02-05 05:23:10,85,5.8808,-10.0467,77.45,0,0,1.86
452,Ahipara,95,NZ,moderate rain,2022-02-05 05:23:11,98,-35.1667,173.1667,71.02,0,0,13.18
453,Chulumani,99,BO,overcast clouds,2022-02-05 05:23:11,98,-16.4096,-67.5263,64.38,0,0,1.3
454,Rudbar,0,AF,clear sky,2022-02-05 05:23:12,17,30.15,62.6,59.77,0,0,8.37
455,Sergeyevka,100,KZ,overcast clouds,2022-02-05 05:23:12,79,53.88,67.4158,17.98,0,0,7.65
456,Rocha,68,UY,broken clouds,2022-02-05 05:15:21,97,-34.4833,-54.3333,65.34,0,0,3.33
457,Saint-Felicien,100,CA,overcast clouds,2022-02-05 05:19:00,65,48.6501,-72.4491,-5.12,0,0,6.91
458,Coihaique,0,CL,clear sky,2022-02-05 05:15:56,87,-45.5752,-72.0662,54.21,0,0,3.44
459,Den Helder,40,NL,scattered clouds,2022-02-05 05:22:14,77,52.9599,4.7593,42.78,0,0,21.0
460,Asau,64,RO,broken clouds,2022-02-05 05:23:13,64,46.4333,26.4,32.95,0,0,6.69
461,Ziro,100,IN,overcast clouds,2022-02-05 05:23:14,99,27.6333,93.8333,38.14,0,0,1.39
462,Santiago,0,CL,clear sky,2022-02-05 05:15:10,50,-33.4569,-70.6483,70.99,0,0,5.75
463,Turinsk,100,RU,overcast clouds,2022-02-05 05:23:14,94,58.0458,63.696,20.68,0,0,6.29
464,Mrakovo,100,RU,overcast clouds,2022-02-05 05:23:15,85,52.7161,56.6244,24.76,0,0,11.52
465,Khandagayty,90,RU,overcast clouds,2022-02-05 05:23:15,98,50.7333,92.05,-11.69,0,0,2.75
466,Inhambane,40,MZ,scattered clouds,2022-02-05 05:23:16,83,-23.865,35.3833,80.58,0,0,4.61
467,Blind River,96,CA,overcast clouds,2022-02-05 05:23:16,85,46.1834,-82.9582,3.31,0,0,3.78
468,Anadyr,0,RU,clear sky,2022-02-05 05:23:17,61,64.75,177.4833,5.5,0,0,2.24
469,Rykhtychi,98,UA,overcast clouds,2022-02-05 05:23:17,77,49.3851,23.5566,36.01,0,0,13.13
470,Otofuke,8,JP,clear sky,2022-02-05 05:23:18,68,42.9917,143.2003,27.55,0,0,8.05
471,San Francisco,20,US,few clouds,2022-02-05 05:20:25,62,37.7749,-122.4194,56.68,0,0,3.0
472,Stephenville,0,US,clear sky,2022-02-05 05:23:19,93,32.2207,-98.2023,25.14,0,0,0.0
473,Manta,20,EC,few clouds,2022-02-05 05:23:19,88,-0.95,-80.7333,76.78,0,0,3.44
474,Zhezkazgan,0,KZ,clear sky,2022-02-05 05:23:20,72,47.8043,67.7144,6.78,0,0,17.9
475,Labuhan,41,ID,scattered clouds,2022-02-05 05:17:16,72,-6.8844,112.2051,84.9,0,0,11.41
476,Hot Springs,0,US,clear sky,2022-02-05 05:23:20,92,34.5037,-93.0552,26.35,0,0,3.44
477,Kudahuvadhoo,41,MV,scattered clouds,2022-02-05 05:13:26,72,2.6708,72.8944,82.0,0,0,11.1
478,Sembakung,85,ID,overcast clouds,2022-02-05 05:23:21,54,3.8167,117.25,85.93,0,0,2.15
479,Rock Sound,33,BS,scattered clouds,2022-02-05 05:23:21,58,24.9,-76.2,74.98,0,0,14.18
480,Caravelas,100,BR,overcast clouds,2022-02-05 05:23:22,91,-17.7125,-39.2481,75.06,0,0,4.97
481,Clyde River,0,CA,clear sky,2022-02-05 05:21:20,69,70.4692,-68.5914,-18.17,0,0,6.91
482,Longyan,96,CN,overcast clouds,2022-02-05 05:23:23,69,25.1072,117.0225,55.24,0,0,0.6
483,Bedele,100,ET,overcast clouds,2022-02-05 05:23:23,46,8.456,36.353,59.88,0,0,1.74
484,Lyuban,100,BY,light snow,2022-02-05 05:23:24,96,52.7985,28.0048,24.76,0,0,10.98
485,Axim,26,GH,scattered clouds,2022-02-05 05:23:24,84,4.8699,-2.2405,78.06,0,0,2.28
486,Olafsvik,100,IS,overcast clouds,2022-02-05 05:14:11,61,64.8945,-23.7142,27.72,0,0,24.56
487,Thinadhoo,100,MV,overcast clouds,2022-02-05 05:23:25,70,0.5333,72.9333,82.04,0,0,11.5
488,Logan,0,US,clear sky,2022-02-05 05:21:20,72,41.7355,-111.8344,26.65,0,0,1.01
489,Chuy,44,UY,scattered clouds,2022-02-05 05:23:25,94,-33.6971,-53.4616,68.04,0,0,3.76
490,Mandalgovi,0,MN,clear sky,2022-02-05 05:22:52,53,45.7625,106.2708,12.38,0,0,11.25
491,Conceicao Do Araguaia,69,BR,broken clouds,2022-02-05 05:23:26,95,-8.2578,-49.2647,73.24,0,0,3.22
492,Peterhead,64,GB,broken clouds,2022-02-05 05:23:26,69,57.5058,-1.7981,37.11,0,0,16.55
493,Buenos Aires,0,AR,clear sky,2022-02-05 05:19:55,86,-34.6132,-58.3772,73.13,0,0,2.3
494,Biloela,2,AU,clear sky,2022-02-05 05:23:27,29,-24.4167,150.5,88.02,0,0,13.87
495,Rambha,39,IN,scattered clouds,2022-02-05 05:23:27,28,19.5167,85.1,76.23,0,0,10.98
496,College,100,US,light snow,2022-02-05 05:16:33,79,64.8569,-147.8028,5.58,0,0,0.0
497,Margate,1,GB,clear sky,2022-02-05 05:23:28,82,51.3813,1.3862,38.75,0,0,1.99
498,Nanzhou,9,CN,clear sky,2022-02-05 05:23:28,53,29.3596,112.4024,50.05,0,0,7.54
499,Belle Fourche,26,US,scattered clouds,2022-02-05 05:23:29,68,44.6714,-103.8522,44.11,0,0,7.67
500,Ust-Omchug,9,RU,clear sky,2022-02-05 05:23:29,83,61.15,149.6333,-12.39,0,0,5.21
501,Svejbaek,66,DK,broken clouds,2022-02-05 05:23:29,84,56.1325,9.6329,37.81,0,0,16.73
502,Ballina,100,AU,light rain,2022-02-05 05:23:30,73,-28.8667,153.5667,75.38,0,0,19.57
503,Digha,0,IN,clear sky,2022-02-05 05:23:30,31,21.6833,87.55,72.25,0,0,14.56
504,Wanning,100,CN,overcast clouds,2022-02-05 05:23:31,81,18.8003,110.3967,67.53,0,0,12.03
505,Santiago Del Estero,62,AR,broken clouds,2022-02-05 05:22:40,81,-27.7951,-64.2615,71.31,0,0,3.06
506,Riverton,0,US,clear sky,2022-02-05 05:23:31,69,40.5219,-111.9391,30.38,0,0,10.0
507,Druzhba,93,UA,overcast clouds,2022-02-05 05:23:32,100,52.0428,33.9453,-0.4,0,0,3.18
508,Rovinj,100,HR,overcast clouds,2022-02-05 05:23:32,92,45.08,13.64,49.19,0,0,1.01
509,San Ignacio,40,BZ,scattered clouds,2022-02-05 05:23:33,94,17.1561,-89.0714,69.94,0,0,4.61
510,Dehloran,2,IR,clear sky,2022-02-05 05:23:33,59,32.6941,47.2679,52.3,0,0,6.64
511,Kijang,6,KR,clear sky,2022-02-05 05:23:34,33,35.2442,129.2139,37.13,0,0,16.98
512,Guasdualito,95,VE,overcast clouds,2022-02-05 05:23:34,78,7.2424,-70.7324,77.0,0,0,3.44
513,Valdivia,48,CL,scattered clouds,2022-02-05 05:22:16,92,-39.8142,-73.2459,50.09,0,0,2.73
514,Bulolo,94,PG,overcast clouds,2022-02-05 05:23:35,58,-7.2,146.65,87.03,0,0,2.57
515,Cockburn Town,0,TC,clear sky,2022-02-05 05:16:36,74,21.4612,-71.1419,75.83,0,0,17.2
516,Linfen,100,CN,overcast clouds,2022-02-05 05:23:35,27,36.0889,111.5189,35.37,0,0,3.36
517,Phetchabun,80,TH,broken clouds,2022-02-05 05:23:36,36,16.25,101.0833,86.45,0,0,4.52
518,Beringovskiy,44,RU,scattered clouds,2022-02-05 05:23:36,89,63.05,179.3167,-10.91,0,0,11.5
519,Harper,79,LR,light rain,2022-02-05 05:23:37,84,4.375,-7.7169,77.79,0,0,4.45
520,Acajutla,37,SV,scattered clouds,2022-02-05 05:20:22,72,13.5928,-89.8275,78.01,0,0,9.06
521,Leeuwarden,75,NL,broken clouds,2022-02-05 05:23:37,82,53.2014,5.8086,42.01,0,0,13.8
522,Uspenka,95,UA,overcast clouds,2022-02-05 05:23:38,92,48.3903,39.1619,18.84,0,0,9.78
523,Lucea,3,JM,clear sky,2022-02-05 05:23:38,79,18.451,-78.1736,76.86,0,0,11.92
524,Vila,90,PT,overcast clouds,2022-02-05 05:11:21,86,42.0304,-8.1588,40.33,0,0,5.35
525,Ulladulla,46,AU,scattered clouds,2022-02-05 05:16:13,69,-35.35,150.4667,73.09,0,0,14.14
526,Nogliki,100,RU,overcast clouds,2022-02-05 05:23:39,89,51.8333,143.1667,6.03,0,0,21.65
527,Seymchan,20,RU,few clouds,2022-02-05 05:23:39,97,62.8833,152.4333,-26.68,0,0,1.68
528,Massakory,2,TD,clear sky,2022-02-05 05:23:40,25,12.996,15.7293,60.42,0,0,16.46
529,Basoko,100,CD,overcast clouds,2022-02-05 05:15:27,67,1.2391,23.616,73.04,0,0,3.06
530,Korop,98,UA,overcast clouds,2022-02-05 05:23:40,100,51.5664,32.9586,-1.43,0,0,2.77
531,Henties Bay,100,NA,overcast clouds,2022-02-05 05:22:55,84,-22.116,14.2845,65.86,0,0,3.78
532,Badvel,44,IN,scattered clouds,2022-02-05 05:23:41,50,14.75,79.05,82.36,0,0,6.04
533,Iskateley,100,RU,overcast clouds,2022-02-05 05:23:41,100,67.6803,53.1512,-15.07,0,0,7.18
534,Jutai,74,BR,moderate rain,2022-02-05 05:23:42,99,-5.1833,-68.9,70.02,0,0,0.96
535,Washington,54,US,broken clouds,2022-02-05 05:23:22,93,47.5001,-120.5015,44.35,0,0,3.51
536,Luderitz,94,NA,overcast clouds,2022-02-05 05:23:42,75,-26.6481,15.1594,67.64,0,0,3.38
537,Quatre Cocos,99,MU,light rain,2022-02-05 05:23:43,85,-20.2078,57.7625,80.71,0,0,19.48
538,Ciudad Bolivar,55,VE,broken clouds,2022-02-05 05:16:21,68,8.1222,-63.5497,77.11,0,0,11.23
539,Bubaque,0,GW,clear sky,2022-02-05 05:23:44,64,11.2833,-15.8333,77.54,0,0,9.4
540,Leningradskiy,43,RU,scattered clouds,2022-02-05 05:21:53,94,69.3833,178.4167,-19.59,0,0,7.07
541,Boyolangu,85,ID,overcast clouds,2022-02-05 05:22:46,68,-8.1181,111.8935,84.81,0,0,3.74
542,Camopi,98,GF,overcast clouds,2022-02-05 05:23:44,99,3.1655,-52.3158,70.57,0,0,2.04
543,Baku,100,AZ,overcast clouds,2022-02-05 05:23:45,87,40.3777,49.892,42.85,0,0,23.02
544,Arman,31,RU,scattered clouds,2022-02-05 05:20:14,72,59.7,150.1667,5.09,0,0,11.68
545,Middelburg,100,ZA,overcast clouds,2022-02-05 05:23:45,84,-25.7751,29.4648,61.81,0,0,15.68
546,Baghdad,0,IQ,clear sky,2022-02-05 05:22:42,70,33.3406,44.4009,44.51,0,0,4.61
547,Gladstone,40,AU,scattered clouds,2022-02-05 05:23:46,35,-23.85,151.25,85.93,0,0,12.66
548,Cerrito,43,CO,scattered clouds,2022-02-05 05:23:46,89,6.8432,-72.694,51.84,0,0,2.19
549,Constitucion,14,CL,few clouds,2022-02-05 05:23:47,86,-35.3333,-72.4167,57.74,0,0,10.83
550,Sukabumi,97,ID,moderate rain,2022-02-05 05:23:47,80,-6.9181,106.9267,77.52,0,0,4.79
551,El Dorado,59,US,broken clouds,2022-02-05 05:23:48,63,38.7666,-120.5177,46.08,0,0,1.99
552,Koslan,96,RU,overcast clouds,2022-02-05 05:23:48,100,63.4564,48.8989,-9.92,0,0,2.59
553,Bambanglipuro,58,ID,broken clouds,2022-02-05 05:23:49,67,-7.95,110.2833,85.66,0,0,12.39
554,Kapit,100,MY,overcast clouds,2022-02-05 05:23:49,52,2.0167,112.9333,90.68,0,0,1.95
555,Susurluk,2,TR,clear sky,2022-02-05 05:23:50,76,39.9136,28.1578,36.84,0,0,5.21
556,Saint-Augustin,100,CA,overcast clouds,2022-02-05 05:19:21,85,51.226,-58.6502,-9.22,0,0,9.66
557,Bukachacha,100,RU,overcast clouds,2022-02-05 05:23:50,67,52.9833,116.9167,8.69,0,0,4.9
558,Winnemucca,0,US,clear sky,2022-02-05 05:23:51,48,40.973,-117.7357,35.65,0,0,8.05
559,Mujiayingzi,1,CN,clear sky,2022-02-05 05:17:18,39,42.1167,118.7833,22.06,0,0,19.01
560,Sur,6,OM,clear sky,2022-02-05 05:12:49,35,22.5667,59.5289,74.75,0,0,7.36
561,Malayal,98,PH,overcast clouds,2022-02-05 05:23:52,65,7.208,121.942,84.79,0,0,4.18
562,Strezhevoy,100,RU,overcast clouds,2022-02-05 05:23:52,94,60.7333,77.5889,19.38,0,0,7.09
563,Hazaribag,0,IN,clear sky,2022-02-05 05:23:52,28,23.9833,85.35,63.41,0,0,16.06
564,Bull Savanna,6,JM,clear sky,2022-02-05 05:23:53,83,17.8868,-77.5902,70.75,0,0,5.73
565,Ayan,58,RU,broken clouds,2022-02-05 05:23:53,68,56.45,138.1667,-0.04,0,0,13.82
566,Dekar,85,BW,overcast clouds,2022-02-05 05:23:54,81,-21.5333,21.9333,68.72,0,0,5.84
567,Oranjemund,38,NA,scattered clouds,2022-02-05 05:15:06,88,-28.55,16.4333,63.43,0,0,7.38
568,Waddan,1,LY,clear sky,2022-02-05 05:23:54,49,29.1614,16.139,47.23,0,0,3.85
569,Agirish,100,RU,overcast clouds,2022-02-05 05:23:55,94,61.9247,63.0231,5.05,0,0,2.33
570,Yerbogachen,98,RU,overcast clouds,2022-02-05 05:23:55,95,61.2767,108.0108,2.12,0,0,5.82
571,Betsiamites,100,CA,overcast clouds,2022-02-05 05:23:56,84,48.9413,-68.646,8.49,0,0,8.66
572,Saint-Pierre,99,RE,overcast clouds,2022-02-05 05:23:56,51,-21.3393,55.4781,87.48,0,0,13.8
573,Zenzeli,100,RU,overcast clouds,2022-02-05 05:23:56,82,45.9241,47.0474,33.37,0,0,15.41
574,Mikhaylovka,90,RU,overcast clouds,2022-02-05 05:23:57,96,50.06,43.2379,13.51,0,0,8.41
